{
    "panoramic_camera_K": [
        6.6336067067070303e+02,
        0,
        9.8610331025511766e+02,
        0.0,
        6.5972141192489414e+02,
        5.7607048979764113e+02,
        0.0,
        0.0,
        1.0
    ],
    "panoramic_dist": [
        -1.3932960335677894e-01,
        2.0897434450955188e-01,
        1.2441176365581993e-03,
        -7.3303813113414886e-03
    ],
    "panoramic_xi": 1.4893463159452232e+00,
    "crop" : [0, 0], 
    "R": [560, 290]
}