{
    "camera_name": "HJQZ2330244",
    "fisheye_camera_K": [
        1015.1515712795745,
        0.0,
        953.3240809262516,
        0.0,
        1015.0372529647049,
        536.5469988483125,
        0.0,
        0.0,
        1.0
    ],
    "fisheye_dist": [
        -0.043392774627996868,
        -0.024204136741876434,
        0.012463325315721598,
        -0.0050050057461109068
    ],
    "fisheye_image_size": [
        1920,
        1080
    ],
    "rect_camera_K": [
        1015.1515712795745,
        0.0,
        953.3240809262516,
        0.0,
        1015.0372529647049,
        536.5469988483125,
        0.0,
        0.0,
        1.0
    ],
    "rect_dist": [
        0.0,
        0.0,
        0.0,
        0.0,
        0.0
    ],
    "rect_image_size": [
        1920,
        1080
    ]
}